name,street,landline
Aaron Martínez,BANAMBILA STREET,+1561-251-7149
Abbey Sánchez,BOUVERIE STREET,+1205-454-7242
Abbie García,MOGRIDGE STREET,+1639-642-8546
Abby Fernández,ORR STREET,+1803-585-8419
Abdul Llovera,GRANTSON STREET,+1963-300-7070
Abe Cavaliere,BARRY STREET,+1711-882-7756
Abel Areny,BRIDGE ROAD,+1954-474-1431
Abigail Pérez,FLOCKHART STREET,+1530-766-6745
Abraham López,FLINDERS STREET,+1201-477-5761
Abram Moreno,TOOTH STREET,+1618-779-9167
Ada Gómez,CAMPBELL STREET,+1669-958-1491
Adah Rodríguez,KELBURN STREET,+1384-704-9408
Adalberto Álvarez,BOURKE STREET,+1660-343-8326
Adaline González,KINGSWAY PLACE,+1256-583-6371
Adam Rossell,BAYRISE DRIVE,+1950-607-6991
Adan Colom,UNDARA PLACE,+1948-642-5088
Addie Rubio,PATERSON ROAD,+1553-443-2222
Adela Grau,GRENFELL STREET,+1337-477-6926
Adelaida San Nicolás,JULIE ANNE STREET,+1724-353-2263
Adelaide Cartes,TARNI COURT,+1901-521-4465
Adele Torres,CARNATION STREET,+1233-411-6162
Adelia Ramírez,ADELPHI TERRACE,+1780-653-7433
Adelina Silva,TAYLOR STREET,+1928-809-7517
Adeline Godoy,KENT STREET,+1548-388-8108
Adell Pujol,WAMBOOL STREET,+1571-263-3691
Adella Lima,RUSSELL STREET,+1353-509-9999
Adelle Jordana,GUM NUT COURT,+1651-450-2351
Adena Alvarez,VICTORIA STREET,+1336-959-3549
Adina Ponce,JOHNSTON BOULEVARD,+1558-274-7439
Adolfo Gelabert,BREWER ROAD,+1869-493-1222
Adolph Bonet,PARISI COURT,+1219-887-8238
Adria Ferré,KESTREL TERRACE,+1438-304-4051
Adrian Costa,ROCKHAMPTON ROAD,+1536-666-3342
Adriana Gallardo,SEAVIEW AVENUE,+1214-572-4395
Adriane Ubach,EATON PLACE,+1722-982-5556
Adrianna Peig,BENNETT STREET,+1545-942-5132
Adrianne Peral,BROSELEY ROAD,+1317-588-6881
Adrien Serra,ESPLANADE,+1493-794-6085
Adriene De Oliveira,CORONATION DRIVE,+1413-385-8775
Adrienne Gonçalves,GARDEN DRIVE,+1351-422-1037
Afton Matos,KERN BROTHERS DRIVE,+1520-530-8221
Agatha Díaz,CURR STREET,+1392-691-1870
Agnes Pintado,GUM STREET,+1241-405-3529
Agnus Gomes,GAVAN STREET,+1756-671-4618
Agripina Schneider,ARIES STREET,+1758-556-2058
Agueda Santos,GRANGE ROAD,+1313-260-4467
Agustin Green,YANGAN ROAD,+1519-425-2162
Agustina Moya,RIVER AVENUE EAST,+1307-549-9632
Ahmad Silverio,SHASTA CLOSE,+1464-673-9405
Ahmed Vives,PRESTON ROAD,+1541-528-7322
Ai Riva,PORTMARNOCK COURT,+1353-574-7895
Aida Puig,HOEY STREET,+1876-484-5823
Aide Codina,MCKEE DRIVE,+1543-835-6620
Aiko Lacueva,HUTT STREET,+1494-854-3871
Aileen Canut,ALLENBY ROAD,+1446-661-7825
Ailene Gallego,MCCOURT STREET,+1994-943-2874
Aimee Montagut,WORTHING ROAD,+1695-660-2873
Aisha Massana,GIDDINGS STREET,+1600-319-2572
Aja Bastida,JACOBSEN OUTLOOK,+1729-889-2702
Akiko Romero,ANZAC HIGHWAY,+1615-966-3187
Akilah Fuentes,LYLIE PLACE,+1624-491-4408
Al Calvo,COLLEY TERRACE,+1305-986-5136
Alaina Rodriguez,REID ROAD,+1727-229-5650
Alaine De La Riva,SWANSTON STREET,+1721-312-8881
Alan Ojeda,TROCHUS COURT,+1578-272-2350
Alana Antor,LEICESTER STREET,+1285-878-9076
Alane Clemente,MARY STREET,+1787-492-7005
Alanna Jonas,SWANSTON STREET,+1245-962-7745
Alayna Barra,RAWLINGS STREET,+1822-234-4464
Alba Montane,BARKLY PLACE,+1643-823-2860
Albert Imbernon,MAIN ROAD,+1646-206-5907
Alberta Benet,VICTORIA STREET,+1909-948-1620
Albertha Calvet,LUKE COURT,+1867-705-8931
Albertina Sebastian,VICTORIA STREET,+1673-767-5554
Albertine Diaz,VARLEY STREET,+1374-769-7805
Alberto Fernandez,LISSNER STREET,+1916-710-4478
Albina Picart,PERCY STREET,+1316-501-5274
Alda Estragués,STANFORD AVENUE,+1756-804-2561
Alden Martinez,WYETH STREET,+1515-944-6224
Aldo Verdú,KLUMPP ROAD,+1620-251-9696
Alease Morrison,YEW STREET,+1535-729-7646
Alec Claret,MARA STREET,+1519-206-7786
Alecia Guerra,BOWEN STREET,+1563-763-6527
Aleen Barcia,CASSIOPEIA PLACE,+1488-400-1532
Aleida Font,ELLEN STREET,+1601-487-9655
Aleisha Sin Billboard,OGDEN STREET,+1970-724-1725
Alejandra Perez,GUM STREET,+1498-245-3263
Alejandrina Barios,GLANVILLE AVENUE,+1479-856-5733
Alejandro Fité,CORONATION DRIVE,+1343-727-8687
Alena Arce,BALLINTINE STREET,+1348-859-5120
Alene Molins,GREENSLADE STREET,+1535-390-5441
Alesha Oliva,PARRAMATTA ROAD,+1972-440-1009
Aleshia Blanco,CAMBRIDGE STREET,+1694-908-3918
Alesia Vinardell,GOUGER STREET,+1687-503-9339
Alessandra Mejías,ABUKLEA STREET,+1747-965-2271
Aleta Orosa,VICTORIA STREET,+1388-826-5335
Aletha Pla,EWING ROAD,+1564-588-8361
Alethea Moles,EDINBURGH ROAD,+1228-887-8334
Alethia Borja,ELKHORN STREET,+1414-996-5630
Alex Gil,STAFFORD STREET,+1662-478-2148
Alexa Mendoza,GARRICK STREET,+1782-904-5228
Alexander Pons,BEACH ROAD,+1815-652-8929
Alexandra Casal,ARABANA STREET,+1447-711-5229
Alexandria Mir,WAYMOUTH STREET,+1245-754-9354
Alexia Majoral,VECELLIOS ROAD,+1486-878-8997
Alexis Amigó,CASTLING STREET,+1880-886-1802
Alfonso Montanya,MAIN CLOSE,+1222-627-4403
Alfonzo Alavedra,LYGON STREET,+1327-302-6567
Alfred Roig,RIFLE RANGE ROAD,+1565-822-2349
Alfreda Reyes,DORRIT STREET,+1634-952-4564
Alfredia Bartolomé,MULLAN STREET,+1745-881-4816
Alfredo Riera,MARKHAM AVENUE,+1872-471-5963
Ali Cerdà,COLIBAN PLACE,+1925-873-3483
Alia Rodrigues,STACEY COURT,+1234-930-2458
Alica Nieto,TOTTERDELL STREET,+1629-416-3325
Alice Marcet,CHRISTIAN ROAD,+1718-795-8422
Alicia Esteve,VARLEY STREET,+1502-743-1117
Alida Olm,ARMADALE STREET,+1728-633-7859
Alina Mijares,FLORENCE FULLER CRESCENT,+1335-213-1903
Aline Acosta,GLENLYON ROAD,+1217-605-4593
Alisa Doria Vilarrubla,ELIZABETH JOLLEY CRESCENT,+1209-310-1655
Alise Vilanova,TWELFTH STREET,+1673-877-5181
Alisha Molne,MEMERAMBI BARKERS CREEK ROAD,+1835-264-9224
Alishia Riba,TAPLEYS HILL ROAD,+1506-864-5107
Alisia Escudé,FRETWELL STREET,+1918-583-9862
Alison Tizón,HAWICK AVENUE,+1478-935-2526
Alissa Cayuelas,HALL BEST LANE,+1588-844-7783
Alita Da Silva,CLIFFORD STREET,+1648-222-8419
Alix Iban,MOOJEEBA WAY,+1389-535-5179
Aliza Ruzafa,STANBEL ROAD,+1457-953-2190
Alla Carvalho,BLUEBELL STREET,+1298-662-6433
Allan Cerqueira,BARTLEY CRESCENT,+1573-607-5676
Alleen Cañabate,ANGOR ROAD,+1508-494-6445
Allegra Jover,REGENT STREET,+1856-462-3013
Allen Jiménez,ANDERSCH STREET,+1840-975-8670
Allena Dolsa,ALDERNEY COURT,+1267-469-8878
Allene Ayala,ANCHORAGE CIRCUIT,+1417-758-5839
Allie Calero,GROTE STREET,+1442-823-4142
Alline Toscano,PLIMSOLL DRIVE,+1834-440-1338
Allison Tor,GROTE STREET,+1660-856-5067
Allyn Reguera,GRIBBLE STREET,+1253-274-9686
Allyson Aranda,CHURCH STREET,+1618-514-4121
Alma Peppe,FRETWELL ROAD,+1209-836-8261
Almeda Medina,COATE AVENUE,+1278-589-6972
Almeta Pol,BERNARD HEINZE AVENUE,+1807-462-6787
Alona Vales,DELAVAN STREET,+1580-538-8878
Alonso Salvadó,GRIBBLE STREET,+1824-664-7329
Alonzo Iglesias,MORPHETT STREET,+1212-623-7824
Alpha Casañas,TRAINOR STREET,+1670-205-7244
Alphonse Bernaus,HAWTHORN ROAD,+1208-428-8641
Alphonso Martí,O'KEEFE AVENUE,+1446-906-9934
Alta Tudel,QUEENSBERRY STREET,+1237-787-3472
Altagracia Morell,VARLEY STREET,+1284-296-7866
Altha Mellado,ANZAC HIGHWAY,+1714-238-1281
Althea Benlloch,SHEARSTON STREET,+1879-463-3841
Alton Gutiérrez,LYGON STREET,+1606-785-5845
Alva Lorenzo,GRIBBLE STREET,+1904-874-4533
Alvaro Soria,SWANSTON STREET,+1776-264-3318
Alvera Villaró,BRADTON COURT,+1455-677-3748
Alverta Magne,LINCKENS CRESCENT,+1312-982-1540
Alvin Ribas,ANTHONY ROLFE AVENUE,+1666-683-3278
Alvina Roure,BAY STREET,+1419-951-4436
Alyce Georgi,BANKSIA PLACE,+1405-925-5559
Alycia Martín,LOGAN ROAD,+1637-276-6566
Alysa Pintat,BARRENJOEY ROAD,+1477-241-1551
Alyse Petit,ANNAND STREET,+1490-514-6056
Alysha Salem,MAGGS STREET,+1711-593-1862
Alysia Qubaisi,FERRY ROAD,+1403-232-1065
Alyson Alameri,GRANDIS DRIVE,+1245-790-1821
Alyssa Al Qasimi,HALSEY ROAD,+1513-657-9669
Amada Saleh,FROMELLES AVENUE,+1814-322-6897
Amado Hassan,ELIZABETH STREET,+1936-671-1709
Amal Abdulrahman,SELLEN ROAD,+1328-742-3027
Amalia Abbas,HENLEY BEACH ROAD,+1440-217-3712
Amanda Mohammadi,BAY TERRACE,+1266-791-4624
Amber Al-Zarouni,CLAPTON DRIVE,+1210-634-9995
Amberly Rose,LILLIAN CRESCENT,+1416-272-6041
Ambrose Saeed,CON BRIO BOULEVARD,+1582-920-7610
Amee Bernardini,SHADFORTH STREET,+1360-386-3196
Amelia Q55340950,BOUVERIE STREET,+1525-976-4112
America Amro,PALKANA DRIVE,+1856-732-2398
Ami Q55680730,BOUVERIE STREET,+1982-617-2489
Amie Wolters,BOURNE BOULEVARD,+1612-383-8164
Amiee Eden,DAVID AVENUE,+1789-972-4525
Amina Q62396161,VIPIANA DRIVE,+1648-437-7490
Amira Q100384330,BOLLEN ROAD,+1518-738-3495
Ammie Eisa,NORTH KIAMA DRIVE,+1412-586-6639
Amos Faraj,CONYNGHAM STREET,+1542-867-8139
Amparo Mansoor,WARWICK ROAD,+1410-924-6038
Amy Jaber,BEULAH ROAD,+1565-465-3798
An Al-Futtaim,CROSS STREET,+1911-946-7642
Ana Mathews,WARD STREET,+1371-440-5306
Anabel Q48538152,LAKE STREET,+1623-244-4554
Analisa Hammadi,LEICESTER STREET,+1783-968-1884
Anamaria Murad,VICTORIA ROAD,+1258-362-9339
Anastacia Q55791529,BOUNDARY ROAD,+1944-423-1509
Anastasia Moussa,NISSEN STREET,+1385-414-7999
Andera Gergawi,DRUMMOND STREET,+1322-645-9011
Anderson Al Ghurair,KANGAROO VALLEY ROAD,+1409-259-2636
Andra Suhail,MCLEAN STREET,+1290-759-1110
